,AL,AK,AZ,AR,CA,CO,CT,DE,FL,GA,HI,ID,IL,IN,IA,KS,KY,LA,ME,MD,MA,MI,MN,MS,MO,MT,NE,NV,NH,NJ,NM,NY,NC,ND,OH,OK,OR,PA,RI,SC,SD,TN,TX,UT,VT,VA,WA,WV,WI,WY
2020-02-29,1575.0,874.0,3086.0,1418.0,41678.0,1681.0,2843.0,524.0,4853.0,5538.0,1049.0,998.0,8980.0,2276.0,2240.0,1517.0,2223.0,1509.0,862.0,2626.0,4865.0,5419.0,3410.0,744.0,2732.0,695.0,522.0,2324.0,894.0,7773.0,681.0,31208.0,1767.0,363.0,9916.0,1458.0,3936.0,12045.0,874.0,1977.0,159.0,2014.0,12692.0,885.0,863.0,3267.0,5770.0,1108.0,5658.0,471.0
2020-03-07,1663.0,815.0,3357.0,1843.0,43385.0,1865.0,2527.0,518.0,5325.0,4569.0,1275.0,938.0,8727.0,2223.0,2221.0,1365.0,2463.0,1698.0,715.0,2675.0,4712.0,5150.0,3488.0,879.0,2994.0,714.0,530.0,2309.0,495.0,7996.0,690.0,14035.0,2575.0,423.0,6545.0,1569.0,4154.0,12227.0,700.0,1889.0,185.0,2032.0,14355.0,1015.0,446.0,2527.0,6616.0,1033.0,5052.0,534.0
2020-03-14,1819.0,1120.0,3844.0,1382.0,57606.0,2321.0,3440.0,472.0,6463.0,5445.0,1589.0,1031.0,11305.0,2596.0,2229.0,1755.0,2785.0,2255.0,634.0,3864.0,7449.0,5338.0,4010.0,1147.0,4016.0,817.0,819.0,6356.0,642.0,9467.0,869.0,14272.0,3533.0,415.0,7046.0,1836.0,4269.0,15439.0,1108.0,2093.0,190.0,2702.0,16176.0,1305.0,659.0,2706.0,14240.0,865.0,5190.0,517.0
2020-03-21,10892.0,7847.0,29348.0,9275.0,186333.0,19774.0,25100.0,10776.0,74313.0,12140.0,8817.0,13586.0,126716.0,59755.0,40952.0,19356.0,49023.0,72438.0,21459.0,42982.0,148452.0,128006.0,115773.0,5519.0,42246.0,15349.0,15861.0,92298.0,29379.0,115815.0,18105.0,79999.0,94083.0,5662.0,196309.0,21926.0,30054.0,363000.0,35847.0,31826.0,1761.0,38077.0,155426.0,19690.0,3784.0,46277.0,129909.0,3536.0,51031.0,3653.0
2020-03-28,80984.0,13774.0,88940.0,27756.0,1058325.0,61838.0,33227.0,19137.0,228484.0,133820.0,48596.0,32941.0,185575.0,139174.0,55966.0,43703.0,113149.0,97400.0,23770.0,85377.0,181423.0,304335.0,109095.0,32015.0,104291.0,20763.0,25033.0,71942.0,31378.0,206253.0,27849.0,366595.0,172145.0,11818.0,274288.0,47744.0,47498.0,374056.0,27800.0,66475.0,6801.0,92500.0,276185.0,28532.0,14633.0,112497.0,182849.0,14523.0,110934.0,6396.0
2020-04-04,106739.0,14590.0,132428.0,62086.0,918814.0,46326.0,33464.0,18851.0,169885.0,390132.0,53102.0,30904.0,202157.0,127010.0,64194.0,36497.0,117575.0,100621.0,30910.0,109653.0,139647.0,388554.0,110260.0,45852.0,91458.0,21244.0,27333.0,79285.0,39202.0,214836.0,26132.0,344451.0,137422.0,15125.0,226191.0,60534.0,62788.0,239077.0,28243.0,86573.0,8138.0,112186.0,315167.0,33040.0,16474.0,147369.0,171252.0,14494.0,104823.0,6543.0
2020-04-11,77515.0,12007.0,98531.0,35629.0,655472.0,104572.0,34050.0,13258.0,180419.0,319581.0,34717.0,18531.0,140787.0,113755.0,43889.0,24871.0,116277.0,79653.0,13488.0,63235.0,103813.0,222207.0,93133.0,45748.0,102126.0,14275.0,16531.0,58641.0,25273.0,141420.0,19043.0,394701.0,140155.0,9502.0,159317.0,54481.0,54581.0,172733.0,22509.0,89147.0,6359.0,71887.0,274257.0,24515.0,9662.0,104619.0,144455.0,14944.0,70000.0,5794.0
2020-04-18,66432.0,12201.0,72457.0,25404.0,528360.0,67639.0,102808.0,9446.0,506670.0,247003.0,26591.0,13023.0,118996.0,72756.0,26901.0,24330.0,103981.0,91923.0,11769.0,48570.0,80969.0,136707.0,74829.0,36913.0,59602.0,11176.0,12404.0,39496.0,20414.0,140139.0,13621.0,205184.0,106266.0,8065.0,109830.0,46696.0,37209.0,124633.0,18078.0,74362.0,5295.0,67226.0,280761.0,19649.0,6598.0,82729.0,83475.0,46755.0,55883.0,4381.0
2020-04-25,74966.0,10313.0,52581.0,17671.0,325343.0,38662.0,33041.0,7947.0,433103.0,266565.0,22496.0,8827.0,101322.0,55774.0,27220.0,22726.0,91223.0,66141.0,7661.0,37995.0,71358.0,82004.0,48595.0,29906.0,55299.0,7052.0,6646.0,42541.0,15001.0,71966.0,12093.0,219413.0,98941.0,6274.0,93599.0,52500.0,49300.0,82414.0,13084.0,66438.0,5535.0,42805.0,254084.0,11738.0,5117.0,72488.0,139505.0,29818.0,49993.0,3497.0
2020-05-02,28985.0,8718.0,43023.0,13448.0,316257.0,28360.0,36138.0,6297.0,174860.0,228352.0,15177.0,7495.0,74476.0,42290.0,23241.0,11916.0,69372.0,50941.0,6993.0,63305.0,55884.0,67399.0,41492.0,25745.0,52527.0,4596.0,5489.0,28550.0,12475.0,88326.0,13675.0,195110.0,85956.0,4044.0,61487.0,93885.0,48120.0,58240.0,9088.0,47673.0,3929.0,36323.0,243935.0,8992.0,3875.0,59631.0,102216.0,13227.0,37885.0,2854.0
2020-05-09,26666.0,7807.0,31570.0,13152.0,212667.0,22732.0,30046.0,5197.0,223082.0,242772.0,12329.0,5795.0,72671.0,29668.0,15820.0,10259.0,69372.0,40125.0,5579.0,45664.0,44915.0,55166.0,37669.0,23618.0,31145.0,3762.0,5619.0,21635.0,10016.0,69689.0,8024.0,199419.0,57354.0,2753.0,52253.0,39079.0,33936.0,50299.0,6245.0,33191.0,5269.0,28377.0,141553.0,7076.0,2913.0,52139.0,110831.0,6045.0,38710.0,3297.0
2020-05-16,25150.0,7741.0,31957.0,11427.0,244431.0,18054.0,25960.0,5554.0,225404.0,177731.0,10964.0,5800.0,72780.0,29436.0,12056.0,8246.0,47321.0,28545.0,4726.0,35346.0,38684.0,56715.0,28893.0,24242.0,28244.0,3660.0,5066.0,17837.0,8794.0,42365.0,7356.0,229524.0,46913.0,2619.0,46855.0,33440.0,23539.0,41673.0,3883.0,29899.0,3891.0,27990.0,134065.0,6228.0,2199.0,44699.0,140119.0,5026.0,31287.0,2303.0
2020-05-23,27919.0,8152.0,26868.0,10825.0,203262.0,15719.0,16603.0,4651.0,175411.0,165499.0,9140.0,4727.0,58263.0,25523.0,13723.0,9480.0,54023.0,23961.0,16667.0,34048.0,38332.0,64574.0,27211.0,23856.0,27436.0,3821.0,5025.0,15607.0,7266.0,34410.0,7058.0,189698.0,44202.0,2978.0,42575.0,43714.0,28452.0,55374.0,2937.0,25380.0,3471.0,25439.0,127717.0,5405.0,1552.0,39242.0,49436.0,4904.0,28967.0,2800.0
2020-05-30,21335.0,7452.0,22012.0,8481.0,228634.0,12519.0,14208.0,3052.0,207707.0,149163.0,7702.0,3646.0,46385.0,22914.0,6449.0,7966.0,43013.0,19334.0,11151.0,31967.0,27630.0,39290.0,21654.0,24014.0,20650.0,3054.0,4272.0,11337.0,6127.0,26752.0,6672.0,82326.0,37047.0,2315.0,35069.0,60376.0,20565.0,42266.0,2748.0,18910.0,1498.0,22255.0,106677.0,4948.0,1465.0,31379.0,31929.0,4685.0,24661.0,2421.0
2020-06-06,19949.0,7081.0,24367.0,9663.0,255836.0,13098.0,15366.0,3037.0,112161.0,135254.0,7338.0,3953.0,44606.0,22931.0,9488.0,6898.0,40733.0,21879.0,3117.0,41695.0,45142.0,27836.0,28311.0,21283.0,19907.0,3078.0,3973.0,10748.0,6303.0,23166.0,5290.0,94167.0,33865.0,2252.0,36151.0,77525.0,24508.0,45049.0,3518.0,23188.0,880.0,20908.0,89676.0,5382.0,1650.0,29231.0,30677.0,4413.0,25047.0,2013.0
2020-06-13,18367.0,6797.0,22419.0,9381.0,241424.0,10382.0,11852.0,2516.0,88148.0,131997.0,7248.0,3631.0,44694.0,24017.0,9069.0,7039.0,37650.0,23122.0,3013.0,23465.0,30411.0,21293.0,24696.0,18407.0,18912.0,3157.0,4119.0,10620.0,6431.0,26438.0,4536.0,95559.0,32188.0,2073.0,33133.0,84779.0,24645.0,44341.0,2641.0,19853.0,1065.0,19413.0,94723.0,4803.0,1859.0,27186.0,30217.0,4327.0,25543.0,1539.0
2020-06-20,18671.0,6757.0,25886.0,9669.0,284494.0,10013.0,10411.0,2797.0,95683.0,125725.0,7178.0,4285.0,46276.0,29331.0,8208.0,8174.0,24846.0,19524.0,2911.0,32583.0,30005.0,19641.0,20487.0,15230.0,17358.0,2997.0,3455.0,10347.0,5413.0,33027.0,4236.0,89299.0,29199.0,1821.0,34915.0,58613.0,16274.0,42577.0,4014.0,17611.0,910.0,20506.0,89547.0,4915.0,1389.0,25293.0,30793.0,3756.0,25428.0,1402.0
2020-06-27,18338.0,6467.0,26328.0,10395.0,277362.0,8646.0,10133.0,2771.0,84370.0,117485.0,8193.0,5417.0,45752.0,44827.0,7732.0,10411.0,30640.0,21976.0,3119.0,22628.0,29699.0,38309.0,19373.0,13673.0,20008.0,2695.0,3278.0,11110.0,5163.0,27992.0,4435.0,90083.0,29580.0,1511.0,35904.0,18405.0,11195.0,45261.0,3229.0,17654.0,644.0,21544.0,96593.0,4965.0,2163.0,31955.0,33266.0,3532.0,24925.0,1418.0
2020-07-04,19056.0,6124.0,25774.0,10832.0,264791.0,7928.0,12267.0,2791.0,66941.0,105160.0,7648.0,4924.0,39015.0,22102.0,9957.0,7883.0,23282.0,31417.0,2939.0,33230.0,27051.0,34602.0,19362.0,11266.0,17685.0,2788.0,4940.0,12484.0,5776.0,47402.0,4935.0,94108.0,27937.0,1720.0,33826.0,9423.0,10343.0,44086.0,3436.0,16015.0,835.0,24920.0,117099.0,4802.0,1876.0,31825.0,29506.0,3330.0,27385.0,1338.0
2020-07-11,20563.0,9572.0,28695.0,14155.0,284914.0,10554.0,9955.0,3167.0,132831.0,138452.0,7668.0,5458.0,38261.0,28360.0,10653.0,13384.0,24544.0,26351.0,4696.0,19516.0,24131.0,27720.0,21637.0,12223.0,16883.0,2990.0,6994.0,14666.0,2930.0,38825.0,5758.0,91898.0,28108.0,1532.0,35743.0,9680.0,11713.0,44798.0,3133.0,19272.0,1216.0,22060.0,105516.0,4792.0,1830.0,32292.0,45622.0,4070.0,29051.0,1485.0
2020-07-18,23676.0,6606.0,21441.0,15932.0,289594.0,8531.0,11667.0,2720.0,108976.0,122313.0,7581.0,5687.0,36435.0,17911.0,8807.0,6285.0,24488.0,32079.0,2276.0,17242.0,18638.0,24596.0,17706.0,12094.0,12332.0,2735.0,2997.0,15548.0,3519.0,25932.0,6881.0,88402.0,29204.0,1915.0,30308.0,9879.0,10152.0,37986.0,3258.0,14307.0,772.0,25773.0,87908.0,4483.0,1637.0,37946.0,33361.0,3758.0,25129.0,2664.0
2020-07-25,17437.0,6069.0,19063.0,15257.0,244653.0,8037.0,11181.0,2563.0,91462.0,84984.0,5885.0,4703.0,33230.0,20129.0,6970.0,6313.0,21041.0,18511.0,2014.0,13038.0,19646.0,23219.0,15311.0,9169.0,14938.0,2388.0,2340.0,18390.0,3276.0,28073.0,6402.0,85294.0,26995.0,1203.0,28022.0,8927.0,9417.0,35808.0,3635.0,12195.0,808.0,20091.0,76804.0,3709.0,1519.0,42966.0,30653.0,3123.0,23026.0,1600.0
2020-08-01,11690.0,5195.0,15561.0,12750.0,222043.0,7167.0,10537.0,2133.0,78286.0,73931.0,5049.0,3607.0,25274.0,12551.0,6314.0,4933.0,21020.0,13402.0,1722.0,10835.0,15637.0,19842.0,12315.0,6777.0,10900.0,1875.0,1974.0,13727.0,2651.0,16584.0,5117.0,74187.0,16503.0,979.0,26045.0,6609.0,7275.0,29371.0,3722.0,8909.0,775.0,12208.0,62709.0,3098.0,1260.0,23918.0,26486.0,2506.0,19196.0,1130.0
2020-08-08,9467.0,4619.0,11655.0,5908.0,202509.0,6231.0,7431.0,1760.0,61584.0,62335.0,5296.0,3250.0,22934.0,10624.0,4888.0,4756.0,17465.0,11131.0,1734.0,8892.0,14729.0,18997.0,9087.0,5452.0,9015.0,1642.0,1739.0,17755.0,2724.0,13837.0,4359.0,52794.0,14328.0,776.0,21074.0,5687.0,6505.0,27094.0,3324.0,5896.0,973.0,10620.0,52304.0,2881.0,904.0,13265.0,22991.0,1981.0,14257.0,1115.0
2020-08-15,11047.0,4731.0,12775.0,6351.0,190354.0,6971.0,9432.0,1927.0,72774.0,58099.0,5493.0,3644.0,22406.0,11569.0,5997.0,5022.0,18266.0,14365.0,1332.0,9053.0,17184.0,20188.0,12081.0,6496.0,10654.0,1960.0,2278.0,10938.0,2832.0,25417.0,4175.0,62698.0,17388.0,855.0,21747.0,6561.0,5233.0,25584.0,2683.0,7231.0,784.0,14413.0,61400.0,2983.0,723.0,15151.0,24005.0,2414.0,14834.0,861.0
2020-08-22,8676.0,4344.0,12487.0,5660.0,196916.0,6483.0,6269.0,1678.0,51647.0,56768.0,5775.0,3794.0,26262.0,10597.0,6384.0,4886.0,16321.0,12529.0,1120.0,7644.0,17594.0,19997.0,10817.0,4496.0,9283.0,2320.0,1907.0,8858.0,2578.0,20182.0,3725.0,62683.0,13680.0,720.0,19090.0,6064.0,5152.0,27510.0,3186.0,5496.0,802.0,11588.0,52152.0,2980.0,686.0,11436.0,21404.0,2082.0,13879.0,963.0
2020-08-29,8511.0,4057.0,11705.0,5337.0,219563.0,5863.0,5404.0,1577.0,45590.0,51283.0,6748.0,3686.0,26194.0,10779.0,5914.0,5734.0,16504.0,16191.0,1248.0,7271.0,18568.0,18838.0,10295.0,4465.0,10509.0,2532.0,1636.0,8032.0,2501.0,20348.0,3410.0,63366.0,13297.0,804.0,18778.0,6019.0,5114.0,24883.0,3680.0,5000.0,630.0,12876.0,56673.0,2587.0,749.0,10305.0,22286.0,2026.0,12457.0,957.0
2020-09-05,8901.0,3817.0,11343.0,5624.0,243404.0,6031.0,4741.0,1629.0,40256.0,50320.0,7464.0,3804.0,25478.0,11255.0,5252.0,5445.0,9285.0,24566.0,1150.0,7190.0,18656.0,17844.0,11038.0,4363.0,10891.0,2911.0,1662.0,7951.0,2482.0,22750.0,3357.0,64734.0,14147.0,947.0,18084.0,6602.0,5228.0,22626.0,3251.0,5085.0,585.0,12310.0,65291.0,2593.0,731.0,11135.0,24459.0,2113.0,12238.0,793.0
2020-09-12,8848.0,3593.0,10015.0,4585.0,226004.0,5171.0,5175.0,1598.0,37265.0,42085.0,7307.0,3672.0,27384.0,13245.0,4652.0,5248.0,8672.0,16182.0,1435.0,7858.0,18388.0,19571.0,11181.0,4535.0,8936.0,2985.0,1650.0,8332.0,2276.0,19642.0,3048.0,61897.0,13437.0,719.0,16375.0,5596.0,4804.0,21747.0,3026.0,4261.0,376.0,11316.0,49386.0,2283.0,612.0,10100.0,21168.0,1881.0,11709.0,697.0
2020-09-19,8679.0,3631.0,9065.0,5778.0,226179.0,5115.0,5141.0,1775.0,39028.0,49421.0,6757.0,3437.0,25976.0,11702.0,6117.0,6494.0,8413.0,14842.0,1431.0,5661.0,23574.0,17402.0,10901.0,5180.0,8153.0,3221.0,1681.0,8198.0,2118.0,24680.0,3314.0,69790.0,13406.0,792.0,17601.0,5434.0,8055.0,22762.0,2830.0,4906.0,551.0,11793.0,48426.0,2545.0,644.0,10582.0,23105.0,2224.0,12178.0,746.0
2020-09-26,8805.0,3600.0,8208.0,6137.0,171220.0,4862.0,5015.0,1815.0,32373.0,43526.0,5682.0,2995.0,29390.0,10209.0,4616.0,6651.0,7520.0,16296.0,1584.0,9280.0,25460.0,19760.0,9339.0,4653.0,7353.0,3253.0,1480.0,7525.0,2193.0,27184.0,3067.0,64678.0,12627.0,856.0,17969.0,5258.0,5738.0,22955.0,3098.0,4905.0,267.0,10311.0,41351.0,2460.0,601.0,9377.0,21002.0,1903.0,11185.0,801.0
2020-10-03,7732.0,3719.0,7966.0,5484.0,148213.0,5919.0,4617.0,1776.0,42306.0,44874.0,5083.0,2955.0,36267.0,10076.0,4288.0,7140.0,5687.0,13461.0,1702.0,10994.0,29481.0,17699.0,9697.0,4032.0,8945.0,3472.0,1665.0,7941.0,2083.0,23680.0,3314.0,64156.0,15534.0,841.0,18634.0,5780.0,4408.0,19844.0,2801.0,4908.0,444.0,10077.0,42338.0,2575.0,606.0,10843.0,18528.0,1958.0,11916.0,759.0
2020-10-10,8581.0,5708.0,7925.0,5719.0,176083.0,6406.0,4734.0,2010.0,47904.0,54166.0,4873.0,3519.0,47528.0,17916.0,4192.0,7926.0,5969.0,13577.0,1549.0,12347.0,39962.0,15084.0,9340.0,3657.0,10522.0,2893.0,1628.0,8964.0,2562.0,29031.0,3918.0,66385.0,13172.0,1045.0,20085.0,5531.0,4773.0,20251.0,3059.0,4667.0,443.0,10810.0,44692.0,2726.0,543.0,9110.0,25631.0,2138.0,14971.0,944.0
2020-10-17,7964.0,4608.0,7053.0,4318.0,159876.0,5759.0,4395.0,1715.0,40070.0,44892.0,5104.0,3293.0,46948.0,15421.0,4215.0,10500.0,5951.0,13039.0,1346.0,11609.0,45404.0,12640.0,9833.0,3609.0,8728.0,2469.0,1598.0,8734.0,2100.0,28809.0,3641.0,54890.0,12119.0,1043.0,17671.0,5277.0,4767.0,19223.0,2437.0,3890.0,485.0,10412.0,45308.0,2490.0,601.0,11365.0,19980.0,1940.0,13890.0,1375.0
2020-10-24,7126.0,4388.0,6813.0,4019.0,152176.0,6071.0,6016.0,1657.0,33542.0,43695.0,4906.0,3863.0,53138.0,13407.0,4351.0,10069.0,5325.0,9943.0,1479.0,10743.0,47887.0,18082.0,11681.0,3231.0,7802.0,3181.0,1548.0,9036.0,2028.0,27203.0,3818.0,51599.0,9903.0,1223.0,17587.0,5015.0,4529.0,19974.0,3127.0,3675.0,482.0,8113.0,35195.0,2371.0,706.0,12352.0,18025.0,2091.0,13540.0,1129.0
2020-10-31,7060.0,4451.0,6389.0,4014.0,152480.0,7138.0,4878.0,1578.0,31625.0,37253.0,4689.0,3919.0,73515.0,13413.0,4609.0,12407.0,9193.0,8419.0,1696.0,10875.0,39417.0,15015.0,12499.0,3619.0,8158.0,2955.0,1591.0,8158.0,2090.0,24703.0,4209.0,45716.0,8338.0,1265.0,21353.0,4953.0,4020.0,23742.0,3172.0,3260.0,856.0,7447.0,37601.0,2360.0,750.0,10350.0,18863.0,2023.0,14874.0,981.0
2020-11-07,8764.0,4545.0,6410.0,3672.0,157773.0,7516.0,5126.0,1522.0,31403.0,23827.0,4245.0,5030.0,67381.0,14111.0,5217.0,10587.0,4363.0,10045.0,2264.0,11332.0,42800.0,15320.0,11820.0,3690.0,7635.0,2535.0,1626.0,7556.0,2171.0,20978.0,3848.0,43876.0,8291.0,1238.0,21935.0,4470.0,4445.0,23051.0,2437.0,3461.0,568.0,7727.0,33667.0,2600.0,805.0,9909.0,26546.0,1804.0,14334.0,1182.0
2020-11-14,9262.0,4605.0,6285.0,3484.0,158825.0,9205.0,5584.0,1508.0,24358.0,19626.0,4328.0,5060.0,46800.0,15422.0,5992.0,11751.0,8133.0,10045.0,1997.0,11396.0,52659.0,16656.0,15428.0,3364.0,8348.0,2813.0,1871.0,7243.0,1994.0,12988.0,5034.0,43391.0,7649.0,1577.0,25003.0,4618.0,5788.0,22756.0,2836.0,3286.0,513.0,6567.0,38883.0,3111.0,860.0,11088.0,17642.0,1938.0,15605.0,940.0
2020-11-21,11813.0,4531.0,7154.0,4276.0,168186.0,15266.0,6641.0,1869.0,26931.0,29088.0,4229.0,4732.0,65596.0,18829.0,8930.0,15864.0,10983.0,10045.0,2254.0,13803.0,30087.0,33941.0,22914.0,3879.0,10616.0,3895.0,2033.0,8121.0,2509.0,12205.0,12159.0,46821.0,8588.0,1765.0,30198.0,5834.0,9910.0,26983.0,3543.0,3361.0,746.0,7295.0,38915.0,3046.0,1479.0,12234.0,31141.0,2166.0,16720.0,1005.0
2020-11-28,7061.0,3834.0,5569.0,3663.0,130383.0,17171.0,5949.0,1533.0,23063.0,19183.0,3543.0,3991.0,74131.0,20575.0,5357.0,15411.0,9319.0,11780.0,1944.0,9290.0,24178.0,22965.0,24527.0,3373.0,8595.0,3633.0,1877.0,6442.0,2308.0,13546.0,8337.0,45863.0,6391.0,1613.0,27786.0,3541.0,15371.0,23878.0,3932.0,2567.0,436.0,6186.0,24792.0,2385.0,1255.0,8606.0,23260.0,1628.0,16138.0,610.0
2020-12-05,7656.0,4525.0,7362.0,4649.0,178724.0,19087.0,7796.0,2037.0,29142.0,33003.0,4272.0,5075.0,107616.0,23622.0,10112.0,21346.0,8168.0,9114.0,3005.0,10204.0,26573.0,23408.0,25177.0,5075.0,10569.0,4001.0,2464.0,8783.0,3413.0,17025.0,7959.0,62677.0,9950.0,1709.0,36373.0,6168.0,15753.0,40833.0,5261.0,4774.0,904.0,6856.0,47521.0,3305.0,2013.0,16654.0,25623.0,3059.0,21700.0,907.0
2020-12-12,7568.0,4507.0,6921.0,4049.0,204388.0,19897.0,8383.0,4392.0,26018.0,23702.0,4628.0,4083.0,138359.0,15702.0,6526.0,23519.0,7259.0,9289.0,3125.0,11486.0,25194.0,19465.0,16019.0,5090.0,9223.0,2782.0,2233.0,9027.0,3178.0,16368.0,5100.0,58153.0,9654.0,1586.0,38369.0,5297.0,10464.0,39258.0,5617.0,3581.0,926.0,7435.0,38645.0,3080.0,1434.0,14509.0,20523.0,3407.0,14662.0,934.0
2020-12-19,7543.0,4016.0,7032.0,3976.0,158661.0,18165.0,7588.0,1512.0,28609.0,26673.0,3974.0,3956.0,145054.0,12234.0,7271.0,20337.0,8459.0,7926.0,2980.0,13491.0,21979.0,19194.0,14297.0,4639.0,9736.0,2477.0,2509.0,7798.0,2837.0,17611.0,4802.0,41106.0,9368.0,1037.0,31160.0,5215.0,10261.0,47305.0,6769.0,3445.0,770.0,7386.0,34979.0,3014.0,1318.0,14640.0,18369.0,2503.0,14119.0,964.0
2020-12-26,5506.0,3923.0,6569.0,3663.0,168732.0,16702.0,8748.0,2386.0,26533.0,18960.0,3464.0,4226.0,110486.0,12013.0,7141.0,16607.0,12800.0,8246.0,2667.0,13629.0,23388.0,19818.0,16271.0,5205.0,13841.0,2537.0,2594.0,7209.0,3281.0,20462.0,3587.0,51424.0,8718.0,1240.0,28811.0,5031.0,11018.0,38279.0,5572.0,4317.0,655.0,10150.0,31448.0,2729.0,1097.0,11890.0,19901.0,2112.0,14294.0,832.0
2021-01-02,10986.0,2947.0,7992.0,4400.0,160989.0,25234.0,9310.0,2678.0,24697.0,31458.0,3984.0,4612.0,45387.0,14796.0,7855.0,22990.0,16941.0,25365.0,3940.0,11541.0,26370.0,30456.0,17482.0,6360.0,16663.0,3653.0,3630.0,8461.0,4932.0,20988.0,4081.0,56917.0,13331.0,1442.0,29726.0,6059.0,12810.0,38647.0,5612.0,8778.0,603.0,16931.0,45989.0,2975.0,1800.0,19530.0,30851.0,2428.0,19188.0,886.0
2021-01-09,14084.0,3900.0,12309.0,6371.0,182625.0,14238.0,10286.0,3682.0,30583.0,37039.0,5058.0,4685.0,94944.0,17724.0,7366.0,35921.0,11399.0,21624.0,3753.0,23084.0,31932.0,24654.0,17301.0,9872.0,16698.0,3094.0,5214.0,9511.0,3859.0,21836.0,11514.0,73121.0,15722.0,1946.0,37335.0,7017.0,12896.0,41424.0,7799.0,8048.0,985.0,21954.0,64721.0,3825.0,1830.0,28227.0,28278.0,3653.0,22580.0,1315.0
2021-01-16,11980.0,4902.0,12006.0,4774.0,117242.0,5794.0,10563.0,3000.0,39226.0,35912.0,4502.0,3714.0,95472.0,14255.0,6380.0,34918.0,11932.0,16340.0,3312.0,31019.0,27069.0,21830.0,13739.0,8167.0,12841.0,2292.0,3118.0,10474.0,4169.0,16769.0,6402.0,62185.0,14117.0,1901.0,43000.0,7144.0,10523.0,32921.0,10797.0,6319.0,750.0,19318.0,55551.0,3304.0,1853.0,21073.0,20401.0,3407.0,17015.0,1166.0
2021-01-23,11615.0,3975.0,13034.0,3901.0,58226.0,4475.0,10525.0,2572.0,62818.0,28016.0,3898.0,4289.0,95481.0,13354.0,5251.0,26426.0,7907.0,12004.0,2845.0,33469.0,22185.0,18446.0,11819.0,6849.0,10567.0,2183.0,3021.0,10105.0,3764.0,16845.0,4608.0,66250.0,13518.0,1266.0,50002.0,6254.0,8915.0,26580.0,11695.0,4813.0,580.0,13302.0,53848.0,2924.0,1459.0,18312.0,17328.0,2908.0,15471.0,1021.0
2021-01-30,12664.0,4190.0,15148.0,4807.0,109251.0,5098.0,10044.0,2584.0,69140.0,27215.0,3809.0,4859.0,40008.0,12539.0,5778.0,17967.0,11019.0,10376.0,2713.0,36355.0,20492.0,18601.0,11736.0,3742.0,11905.0,2266.0,2699.0,9821.0,3304.0,14689.0,4527.0,77390.0,13352.0,1304.0,47821.0,7667.0,9276.0,30424.0,16379.0,4453.0,611.0,11497.0,52577.0,3065.0,1276.0,18177.0,16765.0,2920.0,15639.0,979.0
2021-02-06,13464.0,3997.0,7670.0,4331.0,137939.0,6247.0,7243.0,2342.0,21710.0,32386.0,3624.0,6457.0,34259.0,13508.0,6120.0,5591.0,10712.0,9010.0,2172.0,19770.0,20500.0,19881.0,12247.0,7538.0,12213.0,2158.0,2473.0,9953.0,3594.0,16205.0,3709.0,59983.0,12694.0,1154.0,140488.0,7201.0,8847.0,31730.0,17724.0,6339.0,646.0,10761.0,47022.0,3268.0,1156.0,14203.0,16254.0,2722.0,15040.0,897.0
2021-02-13,12087.0,3468.0,3903.0,3147.0,139603.0,4950.0,6167.0,2066.0,21564.0,26532.0,3875.0,11221.0,62369.0,12287.0,5988.0,7335.0,12028.0,6458.0,2045.0,9935.0,17796.0,18318.0,12111.0,6362.0,13542.0,2108.0,2288.0,7378.0,2338.0,11575.0,3407.0,56931.0,9350.0,983.0,147051.0,6774.0,7684.0,28417.0,11595.0,4287.0,608.0,8596.0,35786.0,2770.0,999.0,14901.0,14158.0,2502.0,16250.0,999.0
2021-02-20,11395.0,3994.0,4108.0,1889.0,90465.0,5711.0,6752.0,1733.0,18630.0,25447.0,2846.0,6110.0,68383.0,9735.0,5192.0,4412.0,14139.0,6447.0,2198.0,8420.0,16318.0,14376.0,10809.0,9628.0,19166.0,1619.0,1973.0,7509.0,2933.0,10768.0,3143.0,47814.0,8474.0,858.0,101862.0,5981.0,7446.0,25051.0,8260.0,3525.0,496.0,12583.0,36401.0,2527.0,777.0,11944.0,14631.0,2795.0,16250.0,968.0
2021-02-27,11624.0,3781.0,4091.0,6064.0,88978.0,5694.0,5780.0,1806.0,19020.0,28387.0,2669.0,5013.0,68111.0,10081.0,4216.0,3560.0,13857.0,6981.0,1677.0,7879.0,14770.0,11497.0,8806.0,17952.0,9288.0,1433.0,1718.0,9208.0,2447.0,10385.0,3150.0,60130.0,7971.0,638.0,120506.0,7193.0,8165.0,24106.0,5787.0,3903.0,441.0,10778.0,56298.0,2222.0,1003.0,12155.0,13502.0,7793.0,13310.0,981.0
2021-03-06,13592.0,3340.0,4244.0,3806.0,106771.0,4447.0,4927.0,1727.0,19281.0,24974.0,2471.0,4198.0,57483.0,9237.0,5182.0,2564.0,9277.0,7100.0,1479.0,7704.0,16970.0,11393.0,8111.0,7403.0,7476.0,1463.0,1551.0,10548.0,2943.0,9857.0,2338.0,48224.0,8155.0,581.0,128192.0,7076.0,7115.0,20837.0,4826.0,5480.0,298.0,7999.0,49366.0,2442.0,990.0,13736.0,12234.0,7543.0,12216.0,859.0
2021-03-13,16506.0,3233.0,5220.0,3291.0,109327.0,6263.0,4638.0,1914.0,20340.0,24700.0,2663.0,3683.0,71175.0,13965.0,5750.0,1682.0,10278.0,7195.0,1399.0,8879.0,19530.0,12285.0,9103.0,5286.0,7511.0,1639.0,1548.0,10086.0,2568.0,10272.0,2690.0,47289.0,8305.0,611.0,115205.0,6913.0,6839.0,19938.0,4227.0,2769.0,355.0,8277.0,73858.0,2269.0,846.0,15525.0,12163.0,4222.0,12481.0,807.0
2021-03-20,13994.0,2773.0,4822.0,2325.0,95996.0,4636.0,4572.0,1482.0,17349.0,24789.0,3287.0,4047.0,15595.0,13045.0,5129.0,2628.0,8738.0,6468.0,1450.0,10443.0,30916.0,12765.0,8375.0,4463.0,7813.0,2124.0,1626.0,7641.0,1009.0,10441.0,2502.0,35991.0,7170.0,678.0,69397.0,6894.0,7912.0,19748.0,3853.0,3197.0,295.0,6431.0,81457.0,2576.0,782.0,17560.0,11877.0,5196.0,11793.0,804.0
2021-03-27,18710.0,3330.0,5373.0,2836.0,106404.0,5210.0,5311.0,1539.0,15716.0,39282.0,5598.0,5983.0,14189.0,9260.0,4602.0,2552.0,24838.0,12845.0,1603.0,10295.0,18915.0,11143.0,10495.0,4937.0,8225.0,2598.0,1881.0,11677.0,1613.0,16728.0,2867.0,39776.0,6934.0,868.0,54518.0,9082.0,9790.0,21571.0,4536.0,3146.0,299.0,8150.0,87313.0,3255.0,1511.0,28244.0,11836.0,5644.0,13029.0,852.0
2021-04-03,5392.0,3707.0,5177.0,2117.0,81373.0,4584.0,5635.0,2397.0,15025.0,33623.0,4587.0,5223.0,16182.0,8071.0,6125.0,1450.0,21423.0,12263.0,2147.0,8142.0,20920.0,14507.0,10492.0,5751.0,9580.0,2413.0,1998.0,10730.0,1144.0,19875.0,5893.0,42467.0,7777.0,821.0,45160.0,13852.0,9485.0,23360.0,5317.0,4992.0,314.0,11407.0,83988.0,4089.0,1761.0,28526.0,12221.0,5179.0,14424.0,874.0
2021-04-10,10909.0,4553.0,6202.0,3374.0,69458.0,6737.0,6029.0,3802.0,24402.0,38382.0,3939.0,6229.0,18986.0,9542.0,5005.0,2138.0,5999.0,9809.0,2060.0,8727.0,15131.0,16470.0,5481.0,4423.0,11435.0,2082.0,1931.0,10985.0,1640.0,11346.0,5513.0,58495.0,7998.0,2047.0,23329.0,17997.0,8379.0,22454.0,4973.0,5131.0,290.0,11421.0,66552.0,4352.0,2252.0,5034.0,17601.0,5533.0,16511.0,1293.0
2021-04-17,8983.0,3904.0,6308.0,3213.0,72875.0,5302.0,7223.0,3842.0,18838.0,32381.0,3598.0,4484.0,15248.0,14026.0,6981.0,1989.0,5958.0,8829.0,1660.0,7555.0,13581.0,22770.0,5330.0,3998.0,11261.0,1846.0,1519.0,10828.0,1783.0,10536.0,4175.0,41655.0,8711.0,1794.0,22361.0,16756.0,7326.0,22356.0,5666.0,5053.0,335.0,13900.0,46516.0,8412.0,2541.0,13751.0,13570.0,5381.0,18856.0,2003.0
2021-04-24,9816.0,3398.0,7673.0,3107.0,78606.0,5019.0,5902.0,4172.0,28017.0,28764.0,3205.0,3393.0,17141.0,14507.0,3955.0,2154.0,7437.0,7114.0,1689.0,8560.0,15121.0,31004.0,4658.0,3983.0,12488.0,1799.0,1357.0,11054.0,1509.0,12322.0,3580.0,41056.0,10109.0,1195.0,21541.0,17369.0,11390.0,24287.0,8041.0,3091.0,388.0,9837.0,33843.0,6569.0,5230.0,37356.0,11914.0,8065.0,11352.0,1163.0
2021-05-01,10325.0,2829.0,7267.0,2654.0,70760.0,3984.0,4918.0,5466.0,19765.0,25429.0,2794.0,3392.0,15134.0,8581.0,3145.0,2390.0,12151.0,6783.0,1391.0,5641.0,11881.0,31356.0,4310.0,3528.0,8305.0,1484.0,1409.0,8979.0,499.0,14324.0,3953.0,31523.0,7051.0,770.0,18697.0,10977.0,10993.0,21960.0,7764.0,2899.0,264.0,8255.0,30225.0,3729.0,6372.0,12231.0,10780.0,5098.0,10351.0,858.0
2021-05-08,10841.0,3093.0,5959.0,2791.0,69927.0,4174.0,4947.0,4237.0,17555.0,32833.0,2777.0,2330.0,18355.0,7786.0,3290.0,1838.0,11167.0,7129.0,1299.0,5636.0,10837.0,17366.0,4062.0,4053.0,7227.0,1484.0,1494.0,6144.0,1279.0,13456.0,3957.0,23417.0,7333.0,670.0,20068.0,9475.0,9714.0,24116.0,7521.0,3123.0,305.0,8543.0,31342.0,3340.0,537.0,11270.0,16891.0,5622.0,10395.0,774.0
2021-05-15,9377.0,2755.0,5378.0,2371.0,70282.0,4144.0,4675.0,4242.0,14561.0,25441.0,2543.0,2024.0,17530.0,6957.0,3582.0,1873.0,4044.0,6327.0,1224.0,5537.0,9494.0,13806.0,5868.0,3455.0,6848.0,1171.0,1406.0,4178.0,375.0,18268.0,3396.0,20808.0,7137.0,610.0,17575.0,8644.0,9235.0,22906.0,8313.0,2588.0,409.0,7721.0,27568.0,3042.0,358.0,10642.0,19914.0,6529.0,9880.0,676.0
2021-05-22,8698.0,3103.0,4818.0,2415.0,71055.0,4132.0,4747.0,6429.0,9882.0,24553.0,2391.0,1888.0,19218.0,6152.0,3861.0,2115.0,2864.0,5976.0,1003.0,5509.0,8659.0,11201.0,5478.0,2766.0,5922.0,1159.0,1593.0,3977.0,790.0,12978.0,3682.0,19505.0,6437.0,526.0,13731.0,8360.0,8354.0,24253.0,8957.0,2083.0,232.0,6252.0,25041.0,3301.0,358.0,9843.0,11894.0,3966.0,9501.0,568.0
2021-05-29,7247.0,2959.0,4375.0,2503.0,72003.0,3926.0,4346.0,5732.0,8257.0,24622.0,2175.0,1655.0,23516.0,5940.0,3380.0,1810.0,6318.0,5573.0,1376.0,10143.0,8398.0,12865.0,4869.0,2830.0,8666.0,1221.0,1472.0,5043.0,906.0,12771.0,4812.0,19615.0,5932.0,501.0,14013.0,12722.0,6532.0,31317.0,9610.0,1987.0,263.0,6936.0,21927.0,3103.0,372.0,8090.0,10317.0,2594.0,8369.0,416.0
2021-06-05,7260.0,2166.0,3997.0,2404.0,52883.0,3815.0,3692.0,7452.0,6552.0,22240.0,2020.0,1339.0,29231.0,5106.0,2364.0,1578.0,5948.0,5569.0,1052.0,8638.0,8305.0,12802.0,4700.0,2798.0,6020.0,1179.0,1264.0,3380.0,683.0,9786.0,3969.0,18515.0,5150.0,527.0,16309.0,8934.0,6162.0,7684.0,9046.0,1894.0,253.0,8095.0,18628.0,2490.0,347.0,7210.0,9134.0,1544.0,7439.0,512.0
2021-06-12,5554.0,1744.0,3952.0,2290.0,68014.0,3817.0,4044.0,4936.0,9896.0,22524.0,2043.0,1369.0,28079.0,4594.0,2613.0,1582.0,15120.0,5242.0,1355.0,10337.0,7898.0,7187.0,4974.0,2485.0,5196.0,1404.0,1181.0,3977.0,652.0,9464.0,3758.0,19191.0,4665.0,490.0,15946.0,10614.0,5650.0,28939.0,9237.0,1735.0,306.0,6349.0,21755.0,2143.0,388.0,7849.0,7136.0,1724.0,8826.0,481.0
2021-06-19,6101.0,1656.0,3554.0,1958.0,63902.0,3512.0,5037.0,3519.0,7667.0,20698.0,2215.0,1265.0,23317.0,5030.0,1830.0,1541.0,15058.0,4278.0,1548.0,11228.0,8054.0,9049.0,4489.0,1686.0,3903.0,1037.0,982.0,3397.0,890.0,8763.0,3154.0,18496.0,4604.0,313.0,12991.0,9161.0,5212.0,42955.0,7551.0,1673.0,216.0,4998.0,23569.0,2622.0,509.0,6905.0,7802.0,1394.0,9322.0,404.0
2021-06-26,5816.0,1591.0,3656.0,1510.0,56259.0,3765.0,6553.0,2183.0,6917.0,20749.0,1846.0,1203.0,20460.0,6371.0,1864.0,1180.0,7180.0,4129.0,1368.0,7619.0,10899.0,6169.0,4001.0,1681.0,3998.0,1034.0,1644.0,3580.0,1295.0,12144.0,3502.0,20353.0,4538.0,408.0,10518.0,9231.0,6049.0,26640.0,8009.0,1676.0,188.0,5186.0,19571.0,2397.0,431.0,8196.0,7725.0,1423.0,7862.0,387.0
2021-07-03,7295.0,1348.0,3804.0,1549.0,58847.0,4554.0,4990.0,1238.0,6739.0,19761.0,2318.0,1431.0,20464.0,5465.0,1942.0,1558.0,6269.0,4222.0,1252.0,8906.0,9121.0,6487.0,4109.0,2194.0,3958.0,1126.0,1257.0,3929.0,812.0,11298.0,3923.0,25083.0,4879.0,631.0,10931.0,6770.0,6995.0,31936.0,9065.0,2194.0,233.0,6596.0,24216.0,1848.0,445.0,6825.0,6129.0,1151.0,7243.0,329.0
2021-07-10,5435.0,1852.0,3829.0,2131.0,56925.0,5033.0,4408.0,1475.0,7457.0,14475.0,2966.0,1504.0,22004.0,6608.0,2042.0,1778.0,2498.0,4558.0,1172.0,6409.0,7613.0,7465.0,4036.0,2936.0,5751.0,1123.0,1149.0,4017.0,764.0,10952.0,5038.0,33273.0,5355.0,528.0,9971.0,7787.0,5613.0,36255.0,4258.0,2518.0,264.0,6745.0,34307.0,1583.0,373.0,5952.0,5749.0,1027.0,7831.0,410.0
2021-07-17,4254.0,1631.0,3578.0,1917.0,56481.0,4456.0,3717.0,866.0,9970.0,12605.0,2738.0,1163.0,25919.0,6370.0,1671.0,1563.0,11443.0,5492.0,1201.0,5532.0,7186.0,21012.0,4339.0,2594.0,11807.0,775.0,1362.0,3613.0,616.0,11109.0,4450.0,22546.0,5169.0,332.0,12642.0,4394.0,4727.0,38591.0,3971.0,2496.0,195.0,6147.0,45037.0,1512.0,319.0,6304.0,5356.0,981.0,8843.0,330.0
2021-07-24,3977.0,1520.0,3301.0,1658.0,64491.0,3322.0,3294.0,616.0,10110.0,11985.0,2639.0,1057.0,18859.0,6106.0,1543.0,1487.0,4225.0,3122.0,916.0,3802.0,6533.0,21461.0,3326.0,2250.0,6456.0,716.0,1431.0,2815.0,576.0,11529.0,3208.0,18841.0,4876.0,281.0,10645.0,3723.0,4316.0,16772.0,2304.0,1503.0,161.0,7841.0,33883.0,1409.0,298.0,6178.0,4776.0,874.0,6806.0,304.0
2021-07-31,5203.0,1558.0,3153.0,1741.0,62209.0,3785.0,3394.0,534.0,7718.0,13406.0,1945.0,936.0,20019.0,9678.0,1884.0,1378.0,4036.0,3228.0,809.0,3602.0,6831.0,18401.0,3317.0,2371.0,6807.0,727.0,1268.0,1945.0,549.0,11481.0,2435.0,17469.0,5424.0,274.0,10764.0,3533.0,4419.0,10810.0,3589.0,1363.0,153.0,4841.0,30138.0,1572.0,257.0,6029.0,5081.0,836.0,7164.0,302.0
2021-08-07,6196.0,1322.0,3172.0,2103.0,65476.0,3875.0,3541.0,659.0,5905.0,10783.0,2150.0,1039.0,21449.0,7101.0,2149.0,1289.0,4006.0,2411.0,769.0,5340.0,7552.0,14308.0,3636.0,2278.0,4406.0,713.0,1049.0,2286.0,613.0,10629.0,2089.0,14548.0,5562.0,318.0,10614.0,3838.0,6021.0,9631.0,3070.0,1445.0,194.0,4989.0,31042.0,2300.0,312.0,10226.0,5614.0,1408.0,7052.0,302.0
2021-08-14,5469.0,1362.0,2871.0,1737.0,64714.0,3259.0,3695.0,343.0,5432.0,11157.0,2093.0,1033.0,18426.0,6531.0,1614.0,1315.0,1770.0,2332.0,821.0,5512.0,6406.0,12282.0,3789.0,2283.0,4285.0,690.0,957.0,2574.0,583.0,9938.0,4961.0,14722.0,5045.0,275.0,9701.0,3986.0,5616.0,9425.0,3062.0,1439.0,174.0,4678.0,23375.0,1857.0,344.0,16593.0,5716.0,986.0,7318.0,278.0
2021-08-21,5407.0,1787.0,3019.0,1610.0,63346.0,3368.0,3329.0,563.0,7977.0,9750.0,2018.0,980.0,22258.0,6254.0,1677.0,1508.0,1828.0,2217.0,755.0,7235.0,6684.0,5525.0,3803.0,2170.0,3794.0,730.0,913.0,2395.0,554.0,10775.0,5117.0,14932.0,5206.0,259.0,8186.0,3146.0,6993.0,9097.0,1834.0,1576.0,176.0,5404.0,20335.0,1590.0,249.0,11923.0,5540.0,938.0,6704.0,284.0
2021-08-28,5431.0,1117.0,2957.0,1481.0,56337.0,3233.0,3069.0,527.0,9700.0,9849.0,2206.0,866.0,15546.0,5574.0,1678.0,1268.0,1715.0,2060.0,719.0,6377.0,5747.0,6306.0,3663.0,2048.0,10976.0,743.0,978.0,2393.0,566.0,8279.0,4889.0,18708.0,4950.0,276.0,13749.0,2676.0,5307.0,10377.0,1891.0,1321.0,140.0,7258.0,20240.0,1447.0,341.0,7777.0,5246.0,1090.0,6813.0,341.0
2021-09-04,5095.0,1115.0,2759.0,1682.0,57546.0,2717.0,3054.0,430.0,7218.0,8035.0,2390.0,867.0,15570.0,5889.0,1833.0,1796.0,2002.0,9724.0,680.0,5419.0,5961.0,11624.0,3881.0,1719.0,4027.0,778.0,1003.0,2813.0,429.0,7523.0,4070.0,15688.0,5050.0,301.0,13583.0,2680.0,5112.0,9755.0,2186.0,1262.0,195.0,5335.0,20327.0,1392.0,394.0,6179.0,5389.0,1212.0,6967.0,314.0
2021-09-11,3716.0,1140.0,6498.0,1238.0,51596.0,1813.0,2592.0,1047.0,7761.0,6851.0,2051.0,805.0,8089.0,3957.0,1430.0,1077.0,2583.0,14042.0,565.0,7437.0,7512.0,10967.0,2987.0,1518.0,5685.0,698.0,1454.0,2216.0,478.0,7266.0,3027.0,16776.0,4210.0,183.0,8918.0,3435.0,4523.0,9912.0,837.0,2456.0,167.0,4490.0,16692.0,1090.0,315.0,3822.0,5100.0,903.0,5960.0,260.0
2021-09-18,4234.0,1237.0,8280.0,1555.0,68814.0,2728.0,2459.0,716.0,9316.0,6564.0,3526.0,854.0,9366.0,3867.0,1744.0,1205.0,4271.0,7107.0,558.0,9889.0,7132.0,12295.0,3660.0,1598.0,4117.0,750.0,1317.0,2393.0,436.0,8463.0,1972.0,14501.0,3610.0,225.0,13065.0,2171.0,7936.0,11139.0,826.0,1625.0,170.0,4317.0,16861.0,1160.0,348.0,15962.0,5012.0,876.0,7265.0,294.0
2021-09-25,4000.0,1237.0,4039.0,1465.0,78721.0,1967.0,2303.0,880.0,7713.0,6106.0,3986.0,818.0,8292.0,3433.0,1655.0,1318.0,3648.0,3947.0,507.0,4272.0,4819.0,19080.0,5662.0,1603.0,5466.0,689.0,1058.0,3647.0,436.0,7487.0,1676.0,15392.0,3920.0,244.0,10212.0,2090.0,6207.0,11588.0,977.0,1132.0,120.0,4215.0,21486.0,1223.0,364.0,8717.0,5096.0,822.0,6132.0,321.0
2021-10-02,3967.0,1168.0,3276.0,1333.0,63988.0,2016.0,2327.0,705.0,7054.0,6319.0,2383.0,831.0,6927.0,3432.0,1696.0,998.0,2732.0,3130.0,600.0,2622.0,4626.0,15040.0,4380.0,1204.0,2868.0,848.0,1028.0,2877.0,417.0,7933.0,1452.0,14165.0,3999.0,251.0,9259.0,2312.0,4390.0,13473.0,975.0,1160.0,132.0,4881.0,19110.0,1184.0,333.0,9360.0,4989.0,749.0,5856.0,343.0
2021-10-09,3666.0,1423.0,3799.0,1598.0,63137.0,2423.0,2452.0,694.0,6215.0,7490.0,2261.0,949.0,6902.0,3741.0,1665.0,1078.0,4186.0,3141.0,802.0,4959.0,4897.0,18713.0,4261.0,1460.0,5434.0,1023.0,855.0,3397.0,411.0,7469.0,3464.0,15394.0,4473.0,300.0,9866.0,2443.0,4478.0,14588.0,1244.0,1311.0,171.0,3892.0,18903.0,1367.0,354.0,9347.0,5326.0,872.0,5829.0,447.0
2021-10-16,3495.0,1311.0,3005.0,1493.0,72885.0,2179.0,2253.0,387.0,7481.0,8578.0,1814.0,819.0,7414.0,3322.0,1796.0,1139.0,1433.0,2804.0,591.0,3477.0,4708.0,14630.0,3996.0,1283.0,4234.0,1028.0,783.0,2854.0,392.0,6924.0,2737.0,13263.0,3885.0,290.0,7579.0,2186.0,4179.0,10596.0,802.0,1060.0,174.0,5580.0,16825.0,1451.0,389.0,1967.0,4914.0,812.0,5863.0,540.0
2021-10-23,3327.0,1338.0,2845.0,1335.0,59747.0,2032.0,2354.0,303.0,8788.0,4471.0,1863.0,922.0,7719.0,3137.0,2030.0,856.0,4373.0,2102.0,697.0,3243.0,5681.0,12125.0,3909.0,1223.0,6282.0,1003.0,1411.0,2551.0,462.0,7236.0,3147.0,13586.0,3520.0,269.0,7060.0,3442.0,4409.0,9309.0,946.0,1247.0,180.0,4786.0,16036.0,1157.0,364.0,2570.0,5777.0,842.0,5227.0,495.0
2021-10-30,3749.0,1379.0,2714.0,1279.0,59255.0,1955.0,2429.0,342.0,6502.0,4302.0,1701.0,1036.0,8472.0,3230.0,2074.0,1051.0,7255.0,3009.0,806.0,3053.0,5901.0,11394.0,4794.0,1209.0,3268.0,1116.0,746.0,2222.0,454.0,8004.0,2216.0,13592.0,3718.0,291.0,7392.0,2118.0,4380.0,8280.0,1114.0,1126.0,212.0,5584.0,15106.0,1214.0,426.0,1088.0,5594.0,839.0,5568.0,526.0
2021-11-06,3451.0,1438.0,2748.0,1450.0,55033.0,2056.0,2642.0,388.0,6217.0,4341.0,1654.0,1120.0,10365.0,3574.0,2162.0,1053.0,13971.0,1981.0,1000.0,2883.0,6529.0,12958.0,5499.0,1241.0,3988.0,1312.0,1309.0,2327.0,523.0,7344.0,1775.0,14476.0,4127.0,404.0,11238.0,2020.0,4546.0,7329.0,865.0,1311.0,242.0,7995.0,16125.0,1421.0,522.0,1290.0,6128.0,985.0,6140.0,613.0
2021-11-13,3225.0,1423.0,2588.0,1050.0,59723.0,2175.0,2567.0,397.0,6116.0,4203.0,1549.0,1179.0,9181.0,3798.0,1811.0,1014.0,5259.0,1682.0,870.0,2250.0,8798.0,9728.0,6701.0,1158.0,4627.0,1247.0,721.0,2477.0,440.0,6933.0,1585.0,14172.0,4379.0,554.0,7923.0,1828.0,4210.0,9316.0,549.0,1241.0,222.0,3994.0,15488.0,1479.0,447.0,391.0,5290.0,859.0,7047.0,549.0
2021-11-20,3904.0,1451.0,2757.0,1408.0,52490.0,2083.0,2706.0,357.0,5831.0,4249.0,1544.0,1329.0,10606.0,3566.0,2853.0,970.0,1349.0,2001.0,936.0,2259.0,7388.0,11654.0,8166.0,1166.0,3108.0,1408.0,868.0,2296.0,466.0,8994.0,1705.0,14964.0,5722.0,703.0,7223.0,3318.0,4419.0,10530.0,753.0,1263.0,304.0,4179.0,15910.0,1397.0,539.0,13094.0,5830.0,921.0,7468.0,586.0
2021-11-27,2184.0,1253.0,1956.0,1611.0,46877.0,1612.0,2957.0,467.0,4136.0,2535.0,1204.0,1578.0,10011.0,3203.0,1797.0,793.0,1289.0,1568.0,813.0,2125.0,6855.0,9014.0,6974.0,1106.0,2855.0,1546.0,693.0,1913.0,461.0,6623.0,1554.0,14867.0,8183.0,714.0,7523.0,1716.0,3582.0,9662.0,756.0,775.0,248.0,4043.0,10463.0,1058.0,709.0,6546.0,5076.0,607.0,8549.0,420.0
2021-12-04,3698.0,1400.0,2697.0,1944.0,55364.0,2282.0,3426.0,636.0,6212.0,4118.0,1851.0,1663.0,13401.0,5763.0,3671.0,1326.0,1605.0,2183.0,1256.0,2642.0,7799.0,13196.0,9373.0,1468.0,3951.0,1497.0,463.0,2401.0,572.0,8842.0,1587.0,23390.0,6465.0,807.0,9311.0,2112.0,6027.0,11891.0,946.0,1788.0,375.0,4365.0,19102.0,1751.0,829.0,3450.0,6974.0,1741.0,11721.0,620.0
2021-12-11,3077.0,1258.0,2493.0,930.0,55938.0,2562.0,3504.0,405.0,6033.0,4132.0,1615.0,1613.0,14572.0,4481.0,3703.0,1284.0,5205.0,1820.0,1205.0,2328.0,7465.0,11987.0,7827.0,1251.0,11295.0,1425.0,1495.0,2188.0,490.0,8335.0,1566.0,15233.0,2145.0,896.0,9134.0,1769.0,4045.0,12282.0,933.0,1271.0,456.0,5070.0,15016.0,1777.0,645.0,3310.0,5383.0,1758.0,8507.0,558.0
2021-12-18,3809.0,1278.0,2506.0,1661.0,56171.0,2163.0,4181.0,387.0,5160.0,2433.0,1858.0,1858.0,13251.0,4834.0,3342.0,1277.0,3290.0,1923.0,1055.0,2511.0,7623.0,12828.0,7265.0,1410.0,5746.0,1452.0,1222.0,2679.0,573.0,7638.0,1725.0,15371.0,2384.0,881.0,9351.0,2716.0,4575.0,7907.0,1097.0,1204.0,489.0,4076.0,15191.0,1866.0,525.0,3387.0,6186.0,1093.0,8717.0,563.0
2021-12-25,2516.0,1134.0,1850.0,1771.0,48851.0,1683.0,3302.0,484.0,4244.0,2705.0,1394.0,1982.0,13938.0,6199.0,3583.0,1368.0,2396.0,1623.0,1198.0,3177.0,9883.0,15268.0,7872.0,1078.0,5903.0,1588.0,1295.0,2269.0,674.0,12298.0,1599.0,17658.0,1923.0,933.0,11966.0,1762.0,4895.0,10904.0,2266.0,1135.0,470.0,4766.0,11236.0,1478.0,804.0,1204.0,7188.0,808.0,7536.0,559.0
2022-01-01,2831.0,1055.0,2141.0,1716.0,50174.0,2208.0,9322.0,725.0,4299.0,5727.0,1769.0,2434.0,14209.0,6452.0,4773.0,1450.0,2769.0,1633.0,1413.0,3710.0,13616.0,19191.0,8094.0,1428.0,4817.0,1667.0,1630.0,2655.0,1056.0,15552.0,1498.0,26470.0,1848.0,866.0,12358.0,1826.0,7336.0,17240.0,1978.0,3711.0,429.0,4092.0,13400.0,1670.0,995.0,1813.0,11814.0,1010.0,11019.0,577.0
2022-01-08,5395.0,1475.0,3317.0,1996.0,61469.0,4460.0,7885.0,790.0,10103.0,7586.0,2836.0,2493.0,16782.0,11926.0,4985.0,3114.0,11245.0,2861.0,1608.0,4492.0,11537.0,18033.0,9499.0,1781.0,12585.0,2056.0,1627.0,3477.0,632.0,16525.0,1233.0,37109.0,3917.0,1436.0,17482.0,2760.0,9471.0,19333.0,1554.0,4056.0,557.0,9495.0,23837.0,1780.0,908.0,2443.0,11593.0,2142.0,14428.0,952.0
2022-01-15,4674.0,1242.0,3068.0,1673.0,62274.0,3701.0,5373.0,695.0,8593.0,7320.0,2223.0,1615.0,15150.0,9023.0,3006.0,3089.0,11772.0,2550.0,1216.0,3689.0,9510.0,12478.0,6571.0,1507.0,5487.0,1117.0,1445.0,3152.0,597.0,14882.0,939.0,23255.0,4232.0,744.0,15412.0,2240.0,5386.0,18757.0,2018.0,2112.0,305.0,7145.0,19064.0,1292.0,710.0,2849.0,5577.0,1841.0,10237.0,569.0
2022-01-22,5302.0,1168.0,2672.0,1399.0,54196.0,3260.0,3805.0,467.0,7346.0,5068.0,1677.0,1334.0,11817.0,6793.0,2370.0,2503.0,7723.0,1922.0,904.0,3054.0,7392.0,9673.0,5320.0,1204.0,4122.0,936.0,1168.0,2464.0,471.0,10064.0,729.0,17533.0,3415.0,595.0,15171.0,2141.0,5037.0,10925.0,1247.0,1147.0,268.0,6128.0,15147.0,1005.0,511.0,1940.0,4859.0,1381.0,7832.0,409.0
2022-01-29,3959.0,1173.0,2765.0,1397.0,51601.0,3396.0,3296.0,415.0,6680.0,6619.0,1541.0,1325.0,10734.0,7732.0,2557.0,1520.0,5405.0,1893.0,855.0,2903.0,6071.0,10911.0,4997.0,1097.0,4260.0,861.0,890.0,2591.0,489.0,9122.0,736.0,18208.0,3705.0,503.0,10324.0,2079.0,4596.0,13476.0,1000.0,1488.0,222.0,5854.0,15932.0,875.0,501.0,2157.0,4983.0,1692.0,7649.0,498.0
2022-02-05,2495.0,1099.0,2889.0,755.0,47354.0,3153.0,2988.0,650.0,5925.0,5968.0,1479.0,1222.0,8431.0,5972.0,2018.0,1829.0,1443.0,1720.0,671.0,3051.0,5988.0,13795.0,4413.0,1049.0,3636.0,881.0,745.0,2329.0,387.0,9528.0,673.0,16680.0,3007.0,419.0,9727.0,1719.0,4277.0,11970.0,849.0,1585.0,207.0,2938.0,14424.0,933.0,427.0,1995.0,4974.0,1498.0,6871.0,501.0
2022-02-12,2222.0,1120.0,2498.0,1221.0,45736.0,2901.0,2241.0,604.0,6044.0,5909.0,1474.0,1048.0,9919.0,5403.0,1684.0,1998.0,5998.0,1631.0,744.0,2622.0,5264.0,14404.0,3822.0,961.0,11004.0,765.0,701.0,2292.0,300.0,8587.0,661.0,16269.0,3019.0,331.0,15119.0,1740.0,3822.0,10280.0,1037.0,1044.0,167.0,4675.0,13945.0,842.0,409.0,1973.0,4739.0,1105.0,5837.0,435.0
2022-02-19,1869.0,972.0,2521.0,980.0,43554.0,2570.0,2590.0,504.0,5510.0,5309.0,1403.0,955.0,10007.0,4363.0,1610.0,2722.0,5205.0,1371.0,728.0,1982.0,4694.0,17904.0,3227.0,854.0,4055.0,687.0,629.0,1444.0,354.0,7269.0,599.0,13232.0,2768.0,295.0,12907.0,1601.0,3425.0,9536.0,1001.0,1118.0,180.0,2716.0,13220.0,1296.0,369.0,1610.0,4455.0,868.0,5299.0,359.0
2022-02-26,1812.0,905.0,2214.0,690.0,38142.0,2469.0,2582.0,484.0,3328.0,5196.0,1060.0,925.0,8230.0,3689.0,1464.0,3309.0,3742.0,1327.0,666.0,1763.0,7895.0,8743.0,3140.0,767.0,4321.0,871.0,664.0,2133.0,388.0,6173.0,521.0,13245.0,2598.0,296.0,10809.0,1439.0,3330.0,9207.0,2041.0,864.0,151.0,3292.0,12402.0,1332.0,607.0,1418.0,4445.0,725.0,5413.0,483.0
2022-03-05,1703.0,969.0,2508.0,1025.0,43612.0,2227.0,2564.0,468.0,3830.0,4627.0,1312.0,977.0,8491.0,3295.0,1376.0,3140.0,6890.0,1347.0,664.0,1991.0,5580.0,7696.0,3594.0,846.0,2943.0,747.0,755.0,1881.0,660.0,8554.0,594.0,29402.0,2646.0,290.0,11926.0,1555.0,3859.0,7120.0,817.0,1722.0,158.0,1936.0,13338.0,1448.0,387.0,1829.0,5295.0,708.0,5371.0,408.0
2022-03-12,2004.0,997.0,2658.0,1059.0,44886.0,2073.0,2188.0,309.0,3910.0,3987.0,1203.0,864.0,9156.0,3508.0,1475.0,3039.0,7081.0,1573.0,485.0,1782.0,4464.0,9764.0,3129.0,920.0,3793.0,668.0,591.0,1858.0,323.0,7508.0,556.0,13304.0,2616.0,385.0,13473.0,1861.0,3321.0,7363.0,754.0,1610.0,157.0,1792.0,13639.0,1332.0,356.0,1854.0,4303.0,641.0,5052.0,401.0
2022-03-19,1830.0,917.0,2358.0,914.0,39055.0,1968.0,2349.0,409.0,4866.0,4105.0,1267.0,893.0,6843.0,3274.0,1586.0,969.0,4502.0,1457.0,537.0,1661.0,3808.0,4888.0,3042.0,968.0,2843.0,611.0,565.0,1736.0,317.0,7279.0,604.0,12749.0,2403.0,224.0,12602.0,2261.0,3151.0,7775.0,648.0,1642.0,114.0,2120.0,13160.0,1295.0,329.0,1546.0,3951.0,568.0,4763.0,433.0
2022-03-26,2077.0,856.0,2671.0,1434.0,42311.0,2096.0,2211.0,420.0,4701.0,4026.0,1154.0,1117.0,7526.0,3226.0,1547.0,1118.0,2468.0,1432.0,605.0,2021.0,3817.0,8433.0,3100.0,846.0,2857.0,585.0,487.0,1730.0,269.0,7258.0,767.0,13510.0,2530.0,189.0,16182.0,2946.0,3505.0,7098.0,594.0,1581.0,117.0,1885.0,15411.0,1637.0,297.0,1627.0,4257.0,558.0,5409.0,301.0
2022-04-02,2240.0,825.0,2786.0,988.0,43393.0,2101.0,2097.0,298.0,5167.0,4034.0,1605.0,857.0,8015.0,3383.0,1371.0,1000.0,1422.0,1477.0,727.0,1681.0,3555.0,5942.0,3188.0,889.0,2927.0,548.0,468.0,2014.0,273.0,6153.0,731.0,12644.0,2643.0,212.0,17691.0,2712.0,3607.0,8582.0,692.0,1521.0,110.0,2344.0,12924.0,1814.0,303.0,1838.0,4309.0,581.0,5823.0,294.0
2022-04-09,2142.0,960.0,4193.0,1276.0,46608.0,2604.0,2352.0,299.0,6619.0,4153.0,1385.0,782.0,9263.0,6576.0,1271.0,1111.0,1809.0,2047.0,653.0,2061.0,4181.0,11892.0,3132.0,1151.0,10121.0,660.0,583.0,2431.0,248.0,6575.0,942.0,14151.0,2711.0,246.0,13805.0,1936.0,3406.0,10197.0,872.0,2103.0,133.0,2383.0,15541.0,1544.0,424.0,1933.0,4703.0,800.0,4664.0,452.0
2022-04-16,2085.0,853.0,3888.0,1195.0,46300.0,2490.0,3743.0,212.0,5668.0,3629.0,1028.0,819.0,7569.0,5758.0,1153.0,890.0,1768.0,1631.0,505.0,2208.0,3984.0,8383.0,3165.0,910.0,2623.0,1000.0,516.0,2107.0,241.0,7691.0,700.0,11195.0,2292.0,268.0,10903.0,1778.0,3544.0,9073.0,1240.0,1759.0,95.0,2159.0,13211.0,1586.0,387.0,1861.0,4526.0,662.0,3804.0,587.0
2022-04-23,2022.0,854.0,3728.0,1387.0,43440.0,2458.0,4788.0,671.0,5240.0,4561.0,1143.0,758.0,7615.0,6399.0,1171.0,879.0,1988.0,1604.0,650.0,2148.0,7475.0,6496.0,2712.0,979.0,2642.0,789.0,447.0,1998.0,281.0,8579.0,714.0,15955.0,2617.0,322.0,8294.0,1928.0,3732.0,8939.0,2016.0,2387.0,140.0,1932.0,13096.0,1644.0,662.0,1845.0,4051.0,655.0,3759.0,491.0
2022-04-30,2011.0,811.0,3494.0,1301.0,40624.0,2280.0,2469.0,371.0,5221.0,4439.0,1104.0,637.0,9868.0,5779.0,1203.0,895.0,3140.0,1645.0,539.0,1791.0,4446.0,7588.0,2651.0,863.0,2666.0,561.0,479.0,1838.0,750.0,6113.0,734.0,23284.0,2770.0,211.0,6276.0,2235.0,3198.0,8351.0,808.0,1874.0,102.0,1947.0,12977.0,1413.0,346.0,1932.0,3768.0,603.0,3712.0,314.0
2022-05-07,2021.0,799.0,3391.0,1705.0,43670.0,2419.0,2031.0,290.0,4475.0,4296.0,1262.0,641.0,11093.0,4438.0,1540.0,1119.0,1661.0,1692.0,455.0,1742.0,3831.0,7025.0,2905.0,1051.0,2570.0,501.0,581.0,2000.0,309.0,5847.0,722.0,13385.0,2445.0,227.0,7048.0,1714.0,3295.0,8135.0,658.0,1799.0,118.0,2186.0,13429.0,1460.0,301.0,1370.0,4037.0,677.0,3228.0,275.0
2022-05-14,2343.0,716.0,3113.0,1572.0,45638.0,2118.0,2291.0,305.0,5104.0,3971.0,1243.0,659.0,12510.0,4257.0,1304.0,986.0,8373.0,1739.0,450.0,1742.0,4084.0,6641.0,2945.0,1194.0,2908.0,491.0,778.0,1821.0,251.0,6230.0,789.0,13364.0,2731.0,215.0,8237.0,1890.0,3110.0,10291.0,588.0,1875.0,146.0,2090.0,13890.0,1343.0,264.0,1301.0,3885.0,612.0,3233.0,248.0
2022-05-21,2258.0,815.0,3201.0,1374.0,39519.0,2257.0,2545.0,318.0,5218.0,4577.0,1164.0,672.0,8753.0,3865.0,1244.0,1129.0,4795.0,1838.0,459.0,1819.0,4081.0,6117.0,2951.0,1675.0,4086.0,518.0,723.0,1646.0,252.0,6122.0,675.0,11914.0,3053.0,280.0,8317.0,1818.0,3093.0,11113.0,716.0,1743.0,142.0,2192.0,14316.0,1377.0,314.0,1206.0,3583.0,792.0,3269.0,289.0
2022-05-28,2606.0,946.0,3266.0,1534.0,41430.0,2362.0,2380.0,292.0,3698.0,2815.0,1220.0,734.0,8593.0,3439.0,1438.0,1246.0,1272.0,2111.0,378.0,1836.0,4130.0,6699.0,2721.0,3610.0,3703.0,588.0,861.0,1743.0,211.0,5823.0,624.0,12968.0,2970.0,263.0,8827.0,2571.0,2997.0,6389.0,583.0,1913.0,170.0,2599.0,14219.0,1291.0,214.0,1376.0,3943.0,914.0,3168.0,293.0
2022-06-04,2571.0,757.0,3396.0,1827.0,41233.0,2339.0,1968.0,300.0,5796.0,4875.0,1285.0,934.0,9420.0,3315.0,1558.0,920.0,1650.0,2094.0,391.0,1745.0,3737.0,4568.0,2756.0,1887.0,4756.0,683.0,709.0,1913.0,293.0,5383.0,1026.0,12337.0,2850.0,288.0,9531.0,1973.0,3159.0,7475.0,587.0,2140.0,148.0,3086.0,14431.0,1158.0,254.0,1131.0,3715.0,712.0,3273.0,255.0
2022-06-11,2590.0,776.0,3455.0,1737.0,45184.0,2377.0,2232.0,385.0,7035.0,6251.0,1332.0,904.0,11323.0,3626.0,1567.0,924.0,1448.0,2312.0,389.0,2108.0,3868.0,6155.0,3172.0,1741.0,3459.0,810.0,677.0,1931.0,333.0,6432.0,923.0,12519.0,3282.0,326.0,11303.0,1915.0,3357.0,10079.0,671.0,2666.0,165.0,2255.0,15256.0,1232.0,248.0,1498.0,3915.0,831.0,4385.0,306.0
2022-06-18,2978.0,731.0,3354.0,1481.0,43995.0,2105.0,3095.0,865.0,6500.0,5630.0,1336.0,822.0,8728.0,4314.0,1262.0,917.0,1324.0,2005.0,494.0,2607.0,4350.0,8004.0,2831.0,1305.0,3345.0,746.0,607.0,1941.0,320.0,7329.0,838.0,12432.0,3143.0,232.0,10901.0,1581.0,3337.0,10298.0,887.0,1935.0,127.0,2195.0,16606.0,1205.0,446.0,2003.0,3898.0,627.0,5013.0,286.0
2022-06-25,2703.0,698.0,3071.0,1426.0,41491.0,2074.0,3500.0,494.0,6318.0,4024.0,1086.0,831.0,7624.0,3839.0,1196.0,887.0,2802.0,2137.0,490.0,2660.0,7567.0,6321.0,2569.0,1183.0,4720.0,581.0,512.0,1938.0,768.0,12898.0,768.0,12135.0,2898.0,227.0,13489.0,1249.0,3671.0,8705.0,1695.0,1975.0,125.0,2114.0,14532.0,1113.0,521.0,1554.0,4425.0,815.0,4145.0,295.0
2022-07-02,3099.0,632.0,2570.0,1414.0,44314.0,2289.0,4008.0,402.0,6155.0,6959.0,1200.0,855.0,6116.0,4914.0,1428.0,1054.0,1570.0,2151.0,450.0,2447.0,7949.0,11425.0,2702.0,2547.0,3659.0,518.0,484.0,2047.0,390.0,12434.0,446.0,17300.0,3065.0,204.0,12491.0,1749.0,4261.0,7779.0,1536.0,1787.0,126.0,1019.0,15024.0,1338.0,288.0,827.0,4350.0,634.0,3976.0,256.0
2022-07-09,3938.0,710.0,5017.0,2278.0,40513.0,2457.0,4699.0,371.0,7267.0,5100.0,1075.0,912.0,6932.0,7148.0,1735.0,1159.0,4631.0,2098.0,638.0,2478.0,8930.0,11423.0,2842.0,1869.0,3556.0,603.0,453.0,2586.0,436.0,9102.0,822.0,27351.0,2824.0,248.0,14765.0,2108.0,4032.0,9806.0,1052.0,2399.0,139.0,4734.0,15332.0,1229.0,263.0,1710.0,4183.0,788.0,4181.0,288.0
2022-07-16,6048.0,667.0,4218.0,1821.0,43194.0,2505.0,10699.0,387.0,7858.0,8266.0,1240.0,772.0,7567.0,5283.0,1438.0,1566.0,2757.0,2875.0,440.0,2474.0,1507.0,10219.0,3179.0,1935.0,3698.0,508.0,496.0,2297.0,295.0,7230.0,678.0,20163.0,3458.0,205.0,11132.0,2679.0,3835.0,8483.0,912.0,5548.0,113.0,4098.0,16746.0,1303.0,251.0,2066.0,3884.0,775.0,4458.0,235.0
2022-07-23,3923.0,640.0,3548.0,1665.0,40072.0,2272.0,8993.0,316.0,6901.0,7182.0,1127.0,765.0,7397.0,4013.0,1297.0,1470.0,3797.0,2370.0,379.0,2107.0,1323.0,8213.0,2375.0,1355.0,2807.0,488.0,526.0,2013.0,299.0,6549.0,729.0,14394.0,3011.0,182.0,9261.0,2481.0,3167.0,7128.0,634.0,2378.0,120.0,2826.0,15002.0,1282.0,214.0,2349.0,3414.0,656.0,3509.0,220.0
2022-07-30,3156.0,644.0,3180.0,1491.0,39677.0,2261.0,13783.0,303.0,6140.0,7297.0,1271.0,924.0,6364.0,4036.0,1465.0,990.0,1596.0,2074.0,390.0,2230.0,1326.0,6788.0,2323.0,1159.0,2805.0,485.0,568.0,2190.0,263.0,6694.0,651.0,13411.0,3558.0,236.0,7621.0,3478.0,3332.0,6731.0,755.0,2163.0,126.0,2698.0,14117.0,1227.0,239.0,2363.0,3786.0,655.0,3451.0,203.0
2022-08-06,3151.0,766.0,3266.0,1543.0,42436.0,2403.0,6442.0,602.0,5998.0,6775.0,1184.0,905.0,6938.0,4618.0,1592.0,987.0,1785.0,2130.0,442.0,2046.0,1443.0,5713.0,2437.0,1231.0,2704.0,444.0,625.0,2182.0,415.0,7659.0,635.0,13507.0,3747.0,208.0,7907.0,2557.0,3431.0,7203.0,860.0,2842.0,140.0,2785.0,14840.0,1263.0,230.0,2579.0,4059.0,802.0,3658.0,222.0
2022-08-13,2812.0,687.0,3094.0,1522.0,39251.0,2110.0,6608.0,325.0,6074.0,5829.0,1041.0,723.0,6456.0,5309.0,1181.0,1221.0,1618.0,1962.0,394.0,1954.0,1252.0,6031.0,2499.0,1135.0,3718.0,454.0,531.0,1961.0,408.0,7466.0,619.0,13381.0,3512.0,176.0,6248.0,3976.0,3385.0,6593.0,521.0,1995.0,130.0,2375.0,14223.0,1216.0,255.0,2983.0,3901.0,917.0,3354.0,285.0
2022-08-20,2529.0,680.0,2907.0,1973.0,37121.0,2114.0,6998.0,267.0,5809.0,5933.0,931.0,711.0,6884.0,4046.0,1269.0,1163.0,1468.0,1799.0,372.0,1909.0,1152.0,5317.0,2491.0,1140.0,3482.0,428.0,508.0,2082.0,334.0,6066.0,551.0,13717.0,3274.0,138.0,6316.0,2802.0,3176.0,6301.0,740.0,1857.0,100.0,2188.0,14228.0,1103.0,441.0,2814.0,3876.0,971.0,3043.0,239.0
2022-08-27,2608.0,649.0,2835.0,1450.0,36319.0,2056.0,4363.0,251.0,5366.0,5080.0,1194.0,666.0,6395.0,3323.0,1102.0,1145.0,1507.0,1799.0,355.0,1859.0,1061.0,6516.0,2285.0,983.0,2232.0,428.0,468.0,1980.0,313.0,6322.0,610.0,18347.0,3101.0,134.0,6025.0,1542.0,3298.0,6354.0,745.0,2147.0,72.0,2004.0,13998.0,1059.0,313.0,2205.0,3698.0,744.0,2917.0,207.0
2022-09-03,2294.0,652.0,2905.0,1355.0,36558.0,2047.0,3078.0,232.0,5472.0,5403.0,1097.0,739.0,6680.0,3933.0,1057.0,1182.0,2284.0,1725.0,323.0,1849.0,1221.0,4384.0,2336.0,869.0,2183.0,439.0,488.0,2094.0,243.0,6455.0,632.0,14685.0,3073.0,126.0,6684.0,3477.0,3079.0,7415.0,669.0,1885.0,110.0,2053.0,14561.0,1131.0,206.0,1895.0,3900.0,658.0,3255.0,222.0
2022-09-10,2002.0,583.0,2532.0,1572.0,33494.0,1900.0,2599.0,194.0,5215.0,4066.0,1034.0,631.0,6302.0,4671.0,1206.0,1008.0,1403.0,1489.0,338.0,1628.0,1085.0,4040.0,2248.0,712.0,2052.0,437.0,399.0,1820.0,231.0,5800.0,530.0,11780.0,2655.0,154.0,5960.0,1748.0,2652.0,6060.0,612.0,1772.0,94.0,1707.0,12068.0,942.0,189.0,1670.0,3643.0,537.0,3063.0,218.0
2022-09-17,2138.0,642.0,2638.0,1186.0,34624.0,2031.0,2450.0,266.0,5833.0,5903.0,1055.0,631.0,6998.0,3568.0,1272.0,878.0,1104.0,1526.0,360.0,1835.0,1180.0,10142.0,2528.0,891.0,3086.0,510.0,496.0,1709.0,244.0,6964.0,650.0,13489.0,2981.0,134.0,6424.0,1484.0,3519.0,6071.0,712.0,2404.0,103.0,1910.0,12518.0,1109.0,201.0,1382.0,3875.0,566.0,2890.0,181.0
2022-09-24,2130.0,596.0,2673.0,1224.0,34359.0,1929.0,2204.0,293.0,5472.0,5104.0,948.0,635.0,6219.0,3110.0,1154.0,784.0,1030.0,1543.0,314.0,1643.0,1183.0,4427.0,2201.0,801.0,2120.0,531.0,439.0,1680.0,274.0,5564.0,584.0,12085.0,3270.0,140.0,8010.0,969.0,3041.0,5854.0,651.0,1716.0,119.0,2196.0,12316.0,1033.0,200.0,953.0,3510.0,519.0,2643.0,213.0
2022-10-01,1971.0,651.0,2711.0,1503.0,35612.0,2169.0,3047.0,240.0,4269.0,4420.0,937.0,676.0,6711.0,2978.0,1200.0,1036.0,1026.0,1445.0,375.0,1705.0,3428.0,5174.0,2203.0,706.0,5950.0,582.0,455.0,1665.0,247.0,6441.0,678.0,11750.0,4921.0,169.0,7256.0,1031.0,3243.0,6021.0,579.0,1634.0,137.0,1916.0,12118.0,1161.0,184.0,610.0,3741.0,604.0,2659.0,270.0
2022-10-08,2439.0,849.0,3243.0,1365.0,40608.0,2516.0,2150.0,346.0,14934.0,4401.0,1071.0,780.0,7516.0,4649.0,1367.0,1124.0,1437.0,1923.0,370.0,1954.0,4300.0,6414.0,2658.0,985.0,2813.0,721.0,471.0,2193.0,257.0,7472.0,726.0,15137.0,3401.0,180.0,7282.0,1076.0,3831.0,7910.0,614.0,2160.0,152.0,2345.0,14500.0,1306.0,254.0,482.0,4826.0,684.0,2940.0,399.0
2022-10-15,2394.0,829.0,2823.0,1332.0,37791.0,2374.0,1943.0,281.0,11341.0,3952.0,1263.0,723.0,7300.0,3490.0,1498.0,1028.0,1190.0,1723.0,435.0,1845.0,3951.0,6484.0,2552.0,1104.0,4663.0,646.0,489.0,1657.0,283.0,6282.0,699.0,12048.0,2797.0,190.0,5967.0,1013.0,2998.0,7087.0,500.0,2239.0,147.0,2630.0,12924.0,1334.0,226.0,377.0,4482.0,671.0,3031.0,379.0
2022-10-22,2376.0,961.0,2899.0,1775.0,38081.0,2685.0,2125.0,304.0,9337.0,5253.0,1223.0,814.0,8316.0,3454.0,1350.0,1487.0,2183.0,1581.0,493.0,1913.0,4531.0,5680.0,2874.0,921.0,2450.0,786.0,575.0,2123.0,334.0,7382.0,738.0,13774.0,3212.0,180.0,6426.0,1275.0,3100.0,8166.0,529.0,2188.0,127.0,2002.0,12991.0,1303.0,243.0,614.0,4186.0,777.0,3164.0,427.0
2022-10-29,2165.0,1034.0,2816.0,1258.0,40070.0,2473.0,2120.0,266.0,7803.0,5302.0,1041.0,972.0,8773.0,3757.0,1477.0,1278.0,1176.0,1680.0,621.0,1967.0,4675.0,5753.0,3330.0,874.0,2355.0,1057.0,633.0,1931.0,302.0,7581.0,747.0,13584.0,2553.0,232.0,6441.0,1142.0,4641.0,8340.0,807.0,1717.0,197.0,1729.0,13057.0,1386.0,303.0,766.0,4879.0,668.0,3322.0,438.0
2022-11-05,2407.0,1141.0,3082.0,1371.0,43483.0,2748.0,2123.0,379.0,7412.0,5720.0,1093.0,1268.0,9818.0,4985.0,1496.0,1406.0,4629.0,1796.0,776.0,2198.0,5416.0,6649.0,4126.0,932.0,2544.0,1340.0,599.0,2313.0,280.0,7091.0,831.0,13976.0,2633.0,278.0,7481.0,1094.0,3365.0,9146.0,797.0,1946.0,209.0,2016.0,15472.0,1671.0,404.0,757.0,5914.0,804.0,3794.0,528.0
2022-11-12,1770.0,1020.0,2390.0,1599.0,43267.0,2719.0,1956.0,304.0,6110.0,3994.0,961.0,1654.0,9584.0,3849.0,1422.0,1204.0,1299.0,1549.0,647.0,1709.0,5284.0,6310.0,6097.0,985.0,2486.0,2258.0,600.0,2467.0,319.0,8111.0,821.0,14297.0,3774.0,348.0,7668.0,931.0,3843.0,9753.0,505.0,1976.0,229.0,2037.0,14381.0,1733.0,280.0,601.0,5911.0,651.0,4234.0,483.0
2022-11-19,2849.0,1146.0,3383.0,1468.0,47690.0,3404.0,2827.0,464.0,6534.0,7711.0,1154.0,1769.0,16170.0,4234.0,3971.0,1597.0,1675.0,2173.0,837.0,2147.0,5860.0,9341.0,8993.0,1329.0,3567.0,1940.0,894.0,2656.0,390.0,8863.0,916.0,16505.0,3641.0,874.0,10078.0,1378.0,5629.0,11982.0,1027.0,2452.0,522.0,2331.0,15862.0,1864.0,448.0,925.0,6733.0,1040.0,5355.0,617.0
2022-11-26,2032.0,795.0,2136.0,1191.0,36495.0,2202.0,3644.0,465.0,4109.0,3079.0,794.0,1862.0,11202.0,3702.0,2073.0,979.0,1496.0,1444.0,772.0,1844.0,5990.0,7425.0,6820.0,1379.0,2556.0,1222.0,611.0,2195.0,329.0,7532.0,726.0,15189.0,2437.0,646.0,10656.0,1123.0,4506.0,11640.0,969.0,1361.0,257.0,2609.0,11251.0,1354.0,497.0,488.0,5777.0,779.0,6897.0,341.0
2022-12-03,3268.0,1065.0,2941.0,1786.0,51801.0,3391.0,3505.0,612.0,6393.0,10885.0,1320.0,2424.0,16285.0,6168.0,3630.0,1570.0,1846.0,2205.0,1091.0,2397.0,7491.0,9300.0,8141.0,1617.0,3784.0,1536.0,878.0,2709.0,431.0,9921.0,855.0,23966.0,4029.0,795.0,13090.0,1321.0,5947.0,14873.0,1014.0,2802.0,457.0,2682.0,19890.0,2256.0,595.0,1211.0,8560.0,1774.0,8412.0,613.0
2022-12-10,2608.0,964.0,2968.0,1807.0,46971.0,3027.0,3976.0,345.0,6035.0,6612.0,1090.0,2096.0,16423.0,4633.0,3576.0,1037.0,1999.0,2047.0,968.0,2220.0,7450.0,9247.0,6510.0,1159.0,3090.0,1309.0,879.0,2866.0,368.0,8935.0,788.0,16832.0,3691.0,743.0,13094.0,1274.0,4584.0,12204.0,1076.0,2410.0,470.0,2367.0,15936.0,2280.0,438.0,1346.0,6851.0,1780.0,6129.0,485.0
2022-12-17,2706.0,874.0,2786.0,1363.0,44703.0,3096.0,4293.0,330.0,5669.0,5852.0,985.0,2091.0,15797.0,4545.0,3946.0,1458.0,2391.0,2078.0,844.0,2304.0,8955.0,9316.0,6163.0,1301.0,4130.0,1413.0,1113.0,3066.0,462.0,10193.0,799.0,16517.0,3598.0,938.0,11288.0,1486.0,4712.0,12664.0,1598.0,2460.0,333.0,2746.0,14995.0,2236.0,479.0,1457.0,6147.0,1143.0,6230.0,587.0
2022-12-24,2778.0,896.0,2424.0,974.0,41460.0,2643.0,5927.0,529.0,4579.0,4284.0,1176.0,2316.0,16686.0,5591.0,5452.0,2099.0,6552.0,1823.0,982.0,2724.0,9700.0,10186.0,6967.0,1073.0,9104.0,1566.0,1442.0,2673.0,370.0,10979.0,1101.0,18596.0,2710.0,953.0,13314.0,1445.0,6369.0,14390.0,1828.0,2566.0,533.0,3586.0,13540.0,1669.0,775.0,1189.0,8344.0,974.0,7442.0,618.0
2022-12-31,2626.0,718.0,2142.0,1327.0,42383.0,2555.0,7908.0,706.0,4238.0,6218.0,1400.0,2260.0,13247.0,6682.0,5044.0,1433.0,2744.0,1539.0,1199.0,3263.0,12370.0,13508.0,6087.0,1161.0,6222.0,1164.0,1312.0,2275.0,882.0,15493.0,704.0,21765.0,2507.0,576.0,13800.0,1214.0,7208.0,16791.0,2385.0,3279.0,327.0,3263.0,10288.0,1561.0,928.0,1361.0,8368.0,1074.0,8585.0,450.0
2023-01-07,3351.0,1000.0,3371.0,1344.0,59830.0,3990.0,5706.0,520.0,7447.0,14712.0,1652.0,1769.0,13370.0,6934.0,3153.0,1321.0,2883.0,2124.0,1309.0,2507.0,10785.0,15300.0,6336.0,1186.0,6209.0,1451.0,1102.0,3331.0,571.0,13957.0,910.0,39050.0,4138.0,989.0,14058.0,1733.0,5683.0,17097.0,1873.0,5284.0,397.0,5466.0,20466.0,2465.0,555.0,1958.0,7053.0,1579.0,10656.0,635.0
2023-01-14,2823.0,1028.0,3432.0,1742.0,63697.0,3709.0,4455.0,551.0,7121.0,9889.0,1285.0,2064.0,12133.0,5469.0,2522.0,1268.0,5442.0,2313.0,1015.0,2953.0,8815.0,9796.0,5147.0,1129.0,4379.0,1009.0,932.0,2950.0,480.0,11393.0,967.0,21642.0,4048.0,645.0,13460.0,1482.0,5726.0,14378.0,2113.0,3059.0,341.0,3194.0,17945.0,2245.0,540.0,2656.0,5524.0,1606.0,6601.0,506.0
2023-01-21,2356.0,871.0,3126.0,2161.0,48115.0,3203.0,3053.0,347.0,5557.0,5968.0,889.0,1560.0,9473.0,4216.0,1829.0,1071.0,5210.0,1778.0,723.0,1989.0,6963.0,7510.0,4024.0,905.0,3603.0,812.0,717.0,2354.0,366.0,9425.0,742.0,16685.0,3582.0,439.0,9064.0,1215.0,4597.0,11678.0,1197.0,2258.0,206.0,2539.0,15487.0,1909.0,394.0,1948.0,5456.0,1000.0,5324.0,422.0
2023-01-28,2396.0,852.0,3096.0,1593.0,45564.0,3419.0,2811.0,348.0,5866.0,8038.0,1015.0,1467.0,9771.0,4225.0,1981.0,1447.0,1808.0,1840.0,626.0,1907.0,6963.0,7151.0,4188.0,1073.0,3506.0,984.0,748.0,2322.0,435.0,10059.0,745.0,17634.0,3654.0,437.0,7959.0,1276.0,5398.0,12088.0,1090.0,2358.0,222.0,2630.0,15806.0,2259.0,415.0,1920.0,5502.0,803.0,5893.0,442.0
2023-02-04,2488.0,884.0,3352.0,961.0,52384.0,3114.0,3005.0,379.0,6434.0,6575.0,1074.0,1461.0,11304.0,4500.0,2515.0,2058.0,1940.0,1929.0,719.0,1962.0,6727.0,7477.0,4300.0,918.0,3853.0,950.0,800.0,2333.0,404.0,8996.0,735.0,17210.0,3713.0,410.0,11487.0,1198.0,4706.0,11593.0,1252.0,2135.0,225.0,2472.0,14947.0,2216.0,373.0,1829.0,5339.0,1070.0,5906.0,450.0
2023-02-11,2230.0,825.0,3357.0,1355.0,48087.0,2701.0,3458.0,323.0,5887.0,6510.0,1091.0,1365.0,9348.0,4149.0,1792.0,1073.0,1759.0,1766.0,718.0,1825.0,7470.0,8827.0,4983.0,888.0,3134.0,732.0,750.0,2289.0,424.0,8504.0,711.0,16566.0,3328.0,300.0,13342.0,1356.0,4781.0,8999.0,885.0,2093.0,214.0,2622.0,15649.0,2013.0,333.0,1815.0,5586.0,909.0,6223.0,439.0
2023-02-18,2033.0,778.0,2990.0,1508.0,43381.0,2525.0,3156.0,310.0,5353.0,5290.0,1023.0,1148.0,9049.0,3329.0,1626.0,1618.0,7858.0,1576.0,636.0,1718.0,6834.0,6306.0,3504.0,844.0,2476.0,665.0,550.0,2265.0,355.0,7550.0,631.0,14461.0,3184.0,287.0,12799.0,1727.0,4247.0,9495.0,1162.0,1784.0,202.0,2128.0,14540.0,1604.0,322.0,1597.0,5067.0,805.0,4803.0,355.0
2023-02-25,1631.0,693.0,2790.0,2127.0,40537.0,2502.0,3018.0,248.0,5293.0,5072.0,1132.0,1118.0,9376.0,3231.0,1720.0,1179.0,1694.0,1374.0,659.0,1689.0,2530.0,5286.0,3436.0,734.0,2344.0,896.0,597.0,2136.0,491.0,7711.0,594.0,13878.0,2890.0,283.0,11525.0,1139.0,4406.0,9092.0,2372.0,1690.0,150.0,2071.0,13114.0,1460.0,436.0,1385.0,4940.0,717.0,5040.0,407.0
2023-03-04,2207.0,673.0,3121.0,1816.0,50455.0,2677.0,3778.0,536.0,4865.0,5372.0,1427.0,1121.0,8623.0,3572.0,1680.0,964.0,4483.0,1631.0,766.0,1954.0,1446.0,5342.0,4461.0,810.0,2394.0,765.0,632.0,2478.0,744.0,8313.0,677.0,30122.0,3578.0,249.0,12734.0,839.0,5682.0,9519.0,685.0,1815.0,267.0,2339.0,14183.0,1618.0,574.0,1886.0,5953.0,734.0,5446.0,393.0
2023-03-11,2238.0,725.0,2942.0,1347.0,47643.0,2507.0,3286.0,292.0,5461.0,4410.0,1137.0,1135.0,9236.0,4272.0,1671.0,1000.0,4531.0,1715.0,782.0,1865.0,2633.0,5375.0,3419.0,913.0,2579.0,550.0,613.0,2241.0,409.0,8074.0,659.0,14686.0,3471.0,288.0,15135.0,1311.0,4549.0,9405.0,770.0,1900.0,213.0,2280.0,14514.0,1481.0,288.0,1700.0,5133.0,659.0,4745.0,341.0
2023-03-18,2135.0,741.0,3007.0,1325.0,44830.0,2395.0,3321.0,256.0,5078.0,5037.0,1031.0,1162.0,8151.0,3838.0,2061.0,1113.0,4638.0,1639.0,636.0,1866.0,2363.0,4731.0,3393.0,1642.0,3018.0,549.0,572.0,2089.0,379.0,7396.0,770.0,13630.0,3386.0,243.0,14824.0,1313.0,4211.0,8767.0,846.0,2126.0,168.0,2793.0,13954.0,1546.0,352.0,1623.0,4815.0,649.0,4667.0,373.0
